4.000000000000e-02,0.000000000000e+00,0.000000000000e+00,5.000000000000e-01,2.000000000000e-02,2.000000000000e-02,8.397506176106e-01,8.397506176106e-01,1.463237889871e+01,1.461223761036e+01,8.421990268084e+02,8.432408881998e+02,-2.053844234108e+01,-2.053844234108e+01,8.773384952722e+00,-1.006524824259e+01,-5.869082670140e+00,-7.160945960006e+00
4.400000000000e-02,0.000000000000e+00,0.000000000000e+00,5.000000000000e-01,2.200000000000e-02,2.200000000000e-02,8.668578645016e-01,8.668578645016e-01,1.559229568368e+01,1.557083308177e+01,8.345524163675e+02,8.355754333283e+02,-2.230215783564e+01,-2.230215783564e+01,9.348938629635e+00,-1.089606423806e+01,-6.190909596439e+00,-7.738035204863e+00
4.800000000000e-02,0.000000000000e+00,0.000000000000e+00,5.000000000000e-01,2.400000000000e-02,2.400000000000e-02,8.923681897803e-01,8.923681897803e-01,1.652351487831e+01,1.650077046471e+01,8.271554714310e+02,8.281604230896e+02,-2.401885853919e+01,-2.401885853919e+01,9.907285602905e+00,-1.170364686952e+01,-6.496233787777e+00,-8.292595054389e+00
5.200000000000e-02,0.000000000000e+00,0.000000000000e+00,5.000000000000e-01,2.600000000000e-02,2.600000000000e-02,9.164978476064e-01,9.164978476064e-01,1.742918875829e+01,1.740519769580e+01,8.199932407290e+02,8.209808538560e+02,-2.568913247495e+01,-2.568913247495e+01,1.045031593623e+01,-1.248872067991e+01,-6.789181633925e+00,-8.827586377605e+00
5.600000000000e-02,0.000000000000e+00,0.000000000000e+00,5.000000000000e-01,2.800000000000e-02,2.800000000000e-02,9.394197300270e-01,9.394197300270e-01,1.831190931420e+01,1.828670319780e+01,8.130531727433e+02,8.140241292570e+02,-2.731344834117e+01,-2.731344834117e+01,1.097958375360e+01,-1.325186828980e+01,-7.059647890121e+00,-9.331932426319e+00
6.000000000000e-02,0.000000000000e+00,0.000000000000e+00,5.000000000000e-01,3.000000000000e-02,3.000000000000e-02,9.612744921718e-01,9.612744921718e-01,1.917384053780e+01,1.914744798375e+01,8.063247459063e+02,8.072796891636e+02,-2.889216155997e+01,-2.889216155997e+01,1.149638655646e+01,-1.399351039800e+01,-7.315281521666e+00,-9.812405363198e+00
6.400000000000e-02,0.000000000000e+00,0.000000000000e+00,5.000000000000e-01,3.200000000000e-02,3.200000000000e-02,9.821782806274e-01,9.821782806274e-01,2.001681276756e+01,1.998925987268e+01,7.997978466643e+02,8.007373836637e+02,-3.042563653851e+01,-3.042563653851e+01,1.200182179207e+01,-1.471419162137e+01,-7.555820556705e+00,-1.026819038600e+01
6.800000000000e-02,0.000000000000e+00,0.000000000000e+00,5.000000000000e-01,3.400000000000e-02,3.400000000000e-02,1.002228247529e+00,1.002228247529e+00,2.084239166170e+01,2.081370236769e+01,7.934635210819e+02,7.943882263169e+02,-3.191414519781e+01,-3.191414519781e+01,1.249682820882e+01,-1.541432658227e+01,-7.788134763317e+00,-1.070563313677e+01
7.200000000000e-02,0.000000000000e+00,0.000000000000e+00,5.000000000000e-01,3.600000000000e-02,3.600000000000e-02,1.021506576443e+00,1.021506576443e+00,2.165192970971e+01,2.162212609660e+01,7.873136584077e+02,7.882240768246e+02,-3.335795564306e+01,-3.335795564306e+01,1.298221674189e+01,-1.609425512083e+01,-8.022989932006e+00,-1.113502831094e+01
7.600000000000e-02,0.000000000000e+00,0.000000000000e+00,5.000000000000e-01,3.800000000000e-02,3.800000000000e-02,1.040083481256e+00,1.040083481256e+00,2.244660542506e+01,2.241570795067e+01,7.813406977401e+02,7.822373468985e+02,-3.475725310056e+01,-3.475725310056e+01,1.345869401272e+01,-1.675423102934e+01,-8.240661329627e+00,-1.153619834625e+01
8.000000000000e-02,0.000000000000e+00,0.000000000000e+00,5.000000000000e-01,4.000000000000e-02,4.000000000000e-02,1.058019479790e+00,1.058019479790e+00,2.322745365661e+01,2.319548135430e+01,7.755380853214e+02,7.764214585067e+02,-3.611216915260e+01,-3.611216915260e+01,1.392688050327e+01,-1.739454612361e+01,-8.455421065952e+00,-1.192308668629e+01
8.400000000000e-02,0.000000000000e+00,0.000000000000e+00,5.000000000000e-01,4.200000000000e-02,4.200000000000e-02,1.075367144698e+00,1.075367144698e+00,2.399538937336e+01,2.396236001705e+01,7.699000029352e+02,7.707705715340e+02,-3.742288228723e+01,-3.742288228723e+01,1.438732481712e+01,-1.801551246893e+01,-8.666475189909e+00,-1.229466284171e+01
8.800000000000e-02,0.000000000000e+00,0.000000000000e+00,5.000000000000e-01,4.400000000000e-02,4.400000000000e-02,1.092172470753e+00,1.092172470753e+00,2.475122657088e+01,2.471715681402e+01,7.644186881612e+02,7.652768979253e+02,-3.868961751131e+01,-3.868961751131e+01,1.484051501547e+01,-1.861738057887e+01,-8.873706433866e+00,-1.265057199727e+01
9.200000000000e-02,0.000000000000e+00,0.000000000000e+00,5.000000000000e-01,4.600000000000e-02,4.600000000000e-02,1.108475956028e+00,1.108475956028e+00,2.549569347546e+01,2.546059896912e+01,7.590900328751e+02,7.599363127995e+02,-3.991239849231e+01,-3.991239849231e+01,1.528688773337e+01,-1.920054508624e+01,-9.075411784844e+00,-1.298906913771e+01
9.600000000000e-02,0.000000000000e+00,0.000000000000e+00,5.000000000000e-01,4.800000000000e-02,4.800000000000e-02,1.124313466561e+00,1.124313466561e+00,2.622944490004e+01,2.619334039396e+01,7.539086318932e+02,7.547433918103e+02,-4.109136831695e+01,-4.109136831695e+01,1.572683558820e+01,-1.976507279039e+01,-9.268314707097e+00,-1.330655190929e+01
1.000000000000e-01,0.000000000000e+00,0.000000000000e+00,5.000000000000e-01,5.000000000000e-02,5.000000000000e-02,1.139716934994e+00,1.139716934994e+00,2.695307238145e+01,2.691597181110e+01,7.488680306117e+02,7.496916594079e+02,-4.222673754145e+01,-4.222673754145e+01,1.616071325776e+01,-2.031107895367e+01,-9.452498916965e+00,-1.360286461287e+01
1.040000000000e-01,0.000000000000e+00,0.000000000000e+00,5.000000000000e-01,5.200000000000e-02,5.200000000000e-02,1.154714930383e+00,1.154714930383e+00,2.766711256986e+01,2.762902913203e+01,7.439635410039e+02,7.447764110459e+02,-4.331863219460e+01,-4.331863219460e+01,1.658884251057e+01,-2.083883337732e+01,-9.628731015349e+00,-1.387872188210e+01
1.080000000000e-01,0.000000000000e+00,0.000000000000e+00,5.000000000000e-01,5.400000000000e-02,5.400000000000e-02,1.169333126916e+00,1.169333126916e+00,2.837205422737e+01,2.833300044608e+01,7.391912736033e+02,7.399937429115e+02,-4.436709046309e+01,-4.436709046309e+01,1.701151640203e+01,-2.134842762788e+01,-9.802331475255e+00,-1.413924270110e+01
1.120000000000e-01,0.000000000000e+00,0.000000000000e+00,5.000000000000e-01,5.600000000000e-02,5.600000000000e-02,1.183594692548e+00,1.183594692548e+00,2.906834410891e+01,2.902833189322e+01,7.345465935249e+02,7.353390045403e+02,-4.537226155639e+01,-4.537226155639e+01,1.742900280064e+01,-2.183995604944e+01,-9.973183320820e+00,-1.438413656962e+01
1.160000000000e-01,0.000000000000e+00,0.000000000000e+00,5.000000000000e-01,5.800000000000e-02,5.800000000000e-02,1.197520613552e+00,1.197520613552e+00,2.975639193757e+01,2.971543263257e+01,7.300255155761e+02,7.308081969557e+02,-4.633421605933e+01,-4.633421605933e+01,1.784154737104e+01,-2.231358083718e+01,-1.014230768644e+01,-1.461434115258e+01
1.200000000000e-01,0.000000000000e+00,0.000000000000e+00,5.000000000000e-01,6.000000000000e-02,6.000000000000e-02,1.211129967414e+00,1.211129967414e+00,3.043657463997e+01,3.039467907191e+01,7.256248538123e+02,7.263981224829e+02,-4.725297238249e+01,-4.725297238249e+01,1.824937611356e+01,-2.276947035628e+01,-1.030467268890e+01,-1.482476693162e+01
1.240000000000e-01,0.000000000000e+00,0.000000000000e+00,5.000000000000e-01,6.200000000000e-02,6.200000000000e-02,1.224440153698e+00,1.224440153698e+00,3.110923997273e+01,3.106641848916e+01,7.213410513206e+02,7.221052119885e+02,-4.812859746602e+01,-4.812859746602e+01,1.865269753857e+01,-2.320777408436e+01,-1.047009348890e+01,-1.502517003469e+01
1.280000000000e-01,0.000000000000e+00,0.000000000000e+00,5.000000000000e-01,6.400000000000e-02,6.400000000000e-02,1.237467090512e+00,1.237467090512e+00,3.177470964428e+01,3.173097214995e+01,7.171706552257e+02,7.179260008986e+02,-4.896116242950e+01,-4.896116242950e+01,1.905170453827e+01,-2.362864573983e+01,-1.063415204427e+01,-1.521109324583e+01
1.320000000000e-01,0.000000000000e+00,0.000000000000e+00,5.000000000000e-01,6.600000000000e-02,6.600000000000e-02,1.250225382595e+00,1.250225382595e+00,3.243328201587e+01,3.238863800483e+01,7.131111622585e+02,7.138579765208e+02,-4.975069914594e+01,-4.975069914594e+01,1.944657600621e+01,-2.403227155876e+01,-1.078782613448e+01,-1.537352168704e+01
1.360000000000e-01,0.000000000000e+00,0.000000000000e+00,5.000000000000e-01,6.800000000000e-02,6.800000000000e-02,1.262728465861e+00,1.262728465861e+00,3.308523444932e+01,3.303969303382e+01,7.091587434025e+02,7.098972978829e+02,-5.049731207575e+01,-5.049731207575e+01,1.983747824494e+01,-2.441891698104e+01,-1.094765110161e+01,-1.552908983771e+01
1.400000000000e-01,0.000000000000e+00,0.000000000000e+00,5.000000000000e-01,7.000000000000e-02,7.000000000000e-02,1.274988732281e+00,1.274988732281e+00,3.373082535688e+01,3.368439529350e+01,7.053108473914e+02,7.060414046931e+02,-5.120099688852e+01,-5.120099688852e+01,2.022456619511e+01,-2.478853270155e+01,-1.110620879775e+01,-1.567017530419e+01
1.440000000000e-01,0.000000000000e+00,0.000000000000e+00,5.000000000000e-01,7.200000000000e-02,7.200000000000e-02,1.287017638267e+00,1.287017638267e+00,3.437029599833e+01,3.432298571153e+01,7.015650642890e+02,7.022878784945e+02,-5.186179942873e+01,-5.186179942873e+01,2.060798451296e+01,-2.514127979904e+01,-1.125385715414e+01,-1.578715244022e+01
1.480000000000e-01,0.000000000000e+00,0.000000000000e+00,5.000000000000e-01,7.400000000000e-02,7.400000000000e-02,1.298825799121e+00,1.298825799121e+00,3.500387206259e+01,3.495568966618e+01,6.979184101998e+02,6.986337258942e+02,-5.247979012638e+01,-5.247979012638e+01,2.098786851863e+01,-2.547740572316e+01,-1.140054552902e+01,-1.589008273354e+01
1.520000000000e-01,0.000000000000e+00,0.000000000000e+00,5.000000000000e-01,7.600000000000e-02,7.600000000000e-02,1.310423071683e+00,1.310423071683e+00,3.563176506485e+01,3.558271838150e+01,6.943686171197e+02,6.950766710679e+02,-5.305500629103e+01,-5.305500629103e+01,2.136434503391e+01,-2.579671519210e+01,-1.154800994228e+01,-1.598038010047e+01
1.560000000000e-01,0.000000000000e+00,0.000000000000e+00,5.000000000000e-01,7.800000000000e-02,7.800000000000e-02,1.321818626898e+00,1.321818626898e+00,3.625417358503e+01,3.620427016406e+01,6.909128117756e+02,6.916138318725e+02,-5.358747786907e+01,-5.358747786907e+01,2.173753312473e+01,-2.609931911429e+01,-1.167780373355e+01,-1.603958972310e+01
1.600000000000e-01,0.000000000000e+00,0.000000000000e+00,5.000000000000e-01,8.000000000000e-02,8.000000000000e-02,1.333021013786e+00,1.333021013786e+00,3.687128436905e+01,3.682053150272e+01,6.875487519608e+02,6.882429587029e+02,-5.407732117366e+01,-5.407732117366e+01,2.210754476153e+01,-2.638532604274e+01,-1.181339732526e+01,-1.609117860647e+01
1.640000000000e-01,0.000000000000e+00,0.000000000000e+00,5.000000000000e-01,8.200000000000e-02,8.200000000000e-02,1.344038215994e+00,1.344038215994e+00,3.748327331130e+01,3.743167804977e+01,6.842749066254e+02,6.849625147051e+02,-5.452453308036e+01,-5.452453308036e+01,2.247448540832e+01,-2.665484306477e+01,-1.195335391167e+01,-1.613371156812e+01
1.680000000000e-01,0.000000000000e+00,0.000000000000e+00,5.000000000000e-01,8.400000000000e-02,8.400000000000e-02,1.354877701970e+00,1.354877701970e+00,3.809030633367e+01,3.803787549870e+01,6.810890275853e+02,6.817702445876e+02,-5.492906850217e+01,-5.492906850217e+01,2.283845454971e+01,-2.690797197911e+01,-1.208733901635e+01,-1.615685644575e+01
1.720000000000e-01,0.000000000000e+00,0.000000000000e+00,5.000000000000e-01,8.600000000000e-02,8.600000000000e-02,1.365546469595e+00,1.365546469595e+00,3.869254017411e+01,3.863928037172e+01,6.779884566390e+02,6.786634823783e+02,-5.529104475496e+01,-5.529104475496e+01,2.319954616375e+01,-2.714481392757e+01,-1.222026765202e+01,-1.616553541584e+01
1.760000000000e-01,0.000000000000e+00,0.000000000000e+00,5.000000000000e-01,8.800000000000e-02,8.800000000000e-02,1.376051086017e+00,1.376051086017e+00,3.929012309611e+01,3.923604072824e+01,6.749712481987e+02,6.756402762951e+02,-5.561055257128e+01,-5.561055257128e+01,2.355784914731e+01,-2.736549982705e+01,-1.235383487220e+01,-1.616148555194e+01
1.800000000000e-01,0.000000000000e+00,0.000000000000e+00,5.000000000000e-01,9.000000000000e-02,9.000000000000e-02,1.386397723282e+00,1.386397723282e+00,3.988319552846e+01,3.982829680372e+01,6.720363919217e+02,6.726996117789e+02,-5.588754975810e+01,-5.588754975810e+01,2.391344769965e+01,-2.757000151168e+01,-1.248549768916e+01,-1.614205150119e+01
1.840000000000e-01,0.000000000000e+00,0.000000000000e+00,5.000000000000e-01,9.200000000000e-02,9.200000000000e-02,1.396592190302e+00,1.396592190302e+00,4.047189064360e+01,4.041618158733e+01,6.691825522566e+02,6.698401485184e+02,-5.612206699757e+01,-5.612206699757e+01,2.426642166928e+01,-2.775820058768e+01,-1.261626163796e+01,-1.610804055637e+01
1.880000000000e-01,0.000000000000e+00,0.000000000000e+00,5.000000000000e-01,9.400000000000e-02,9.400000000000e-02,1.406639961595e+00,1.406639961595e+00,4.105633488177e+01,4.099982134524e+01,6.664072801388e+02,6.670594306117e+02,-5.631410459276e+01,-5.631410459276e+01,2.461684686810e+01,-2.793022603841e+01,-1.274624330043e+01,-1.605962247074e+01
1.920000000000e-01,0.000000000000e+00,0.000000000000e+00,5.000000000000e-01,9.600000000000e-02,9.600000000000e-02,1.416546203200e+00,1.416546203200e+00,4.163664842687e+01,4.157933609593e+01,6.637090619481e+02,6.643559395615e+02,-5.646372075928e+01,-5.646372075928e+01,2.496479535684e+01,-2.808662687877e+01,-1.287377947725e+01,-1.599561099918e+01
1.960000000000e-01,0.000000000000e+00,0.000000000000e+00,5.000000000000e-01,9.800000000000e-02,9.800000000000e-02,1.426315796081e+00,1.426315796081e+00,4.221294563954e+01,4.215484004263e+01,6.610866485816e+02,6.617284220027e+02,-5.657098295678e+01,-5.657098295678e+01,2.531033570465e+01,-2.822724712967e+01,-1.300633375289e+01,-1.592324517791e+01
2.000000000000e-01,0.000000000000e+00,0.000000000000e+00,5.000000000000e-01,1.000000000000e-01,1.000000000000e-01,1.435953357321e+00,1.435953357321e+00,4.278533545208e+01,4.272644196768e+01,6.585208940916e+02,6.591576931853e+02,-5.663667875587e+01,-5.663667875587e+01,2.565353322593e+01,-2.835209138826e+01,-1.313624824635e+01,-1.583480640867e+01
4.000000000000e-02,1.000000000000e+00,0.000000000000e+00,0.000000000000e+00,0.000000000000e+00,4.000000000000e-02,0.000000000000e+00,1.058019479790e+00,0.000000000000e+00,2.319548135430e+01,9.382720000000e+02,8.873599673339e+02,1.230450269130e-14,-1.423521568750e+01,1.391728881258e+01,-6.830616371917e+00,-8.841595216435e-01,6.202512919018e+00
4.400000000000e-02,1.000000000000e+00,0.000000000000e+00,0.000000000000e+00,0.000000000000e+00,4.400000000000e-02,0.000000000000e+00,1.092172470753e+00,0.000000000000e+00,2.471715681402e+01,9.382720000000e+02,8.833512422081e+02,1.230450269130e-14,-1.543547657113e+01,1.483029408841e+01,-7.389841059655e+00,-9.086115476930e-01,6.531841481063e+00
4.800000000000e-02,1.000000000000e+00,0.000000000000e+00,0.000000000000e+00,0.000000000000e+00,4.800000000000e-02,0.000000000000e+00,1.124313466561e+00,0.000000000000e+00,2.619334039396e+01,9.382720000000e+02,8.794834522696e+02,1.230450269130e-14,-1.659994432754e+01,1.571600423638e+01,-7.932205088182e+00,-9.323413948870e-01,6.851457753307e+00
5.200000000000e-02,1.000000000000e+00,0.000000000000e+00,0.000000000000e+00,0.000000000000e+00,5.200000000000e-02,0.000000000000e+00,1.154714930383e+00,0.000000000000e+00,2.762902913203e+01,9.382720000000e+02,8.757482234763e+02,1.230450269130e-14,-1.772908050574e+01,1.657741747922e+01,-8.457974334771e+00,-9.540726757532e-01,7.165370468695e+00
5.600000000000e-02,1.000000000000e+00,0.000000000000e+00,0.000000000000e+00,0.000000000000e+00,5.600000000000e-02,0.000000000000e+00,1.183594692548e+00,0.000000000000e+00,2.902833189322e+01,9.382720000000e+02,8.721390299479e+02,1.230450269130e-14,-1.882326923771e+01,1.741699913593e+01,-8.967502150536e+00,-9.758029413070e-01,7.473694044092e+00
6.000000000000e-02,1.000000000000e+00,0.000000000000e+00,0.000000000000e+00,0.000000000000e+00,6.000000000000e-02,0.000000000000e+00,1.211129967414e+00,0.000000000000e+00,3.039467907191e+01,9.382720000000e+02,8.686506209093e+02,1.230450269130e-14,-1.988277266089e+01,1.823680744314e+01,-9.460972252111e+00,-9.980744352892e-01,7.777760755743e+00
6.400000000000e-02,1.000000000000e+00,0.000000000000e+00,0.000000000000e+00,0.000000000000e+00,6.400000000000e-02,0.000000000000e+00,1.237467090512e+00,0.000000000000e+00,3.173097214995e+01,9.382720000000e+02,8.652786134127e+02,1.230450269130e-14,-2.090780302330e+01,1.903858328997e+01,-9.938774334071e+00,-1.020963566935e+00,8.078845388964e+00
6.800000000000e-02,1.000000000000e+00,0.000000000000e+00,0.000000000000e+00,0.000000000000e+00,6.800000000000e-02,0.000000000000e+00,1.262728465861e+00,0.000000000000e+00,3.303969303382e+01,9.382720000000e+02,8.620199118248e+02,1.230450269130e-14,-2.189848851603e+01,1.982381582029e+01,-1.040147255936e+01,-1.044868792475e+00,8.377474468458e+00
7.200000000000e-02,1.000000000000e+00,0.000000000000e+00,0.000000000000e+00,0.000000000000e+00,7.200000000000e-02,0.000000000000e+00,1.287017638267e+00,0.000000000000e+00,3.432298571153e+01,9.382720000000e+02,8.588704392837e+02,1.230450269130e-14,-2.285503952838e+01,2.059379142692e+01,-1.084925819150e+01,-1.068909204564e+00,8.675624030853e+00
7.600000000000e-02,1.000000000000e+00,0.000000000000e+00,0.000000000000e+00,0.000000000000e+00,7.600000000000e-02,0.000000000000e+00,1.310423071683e+00,0.000000000000e+00,3.558271838150e+01,9.382720000000e+02,8.558279337485e+02,1.230450269130e-14,-2.377754693187e+01,2.134963102890e+01,-1.128249521751e+01,-1.093440140284e+00,8.973695671104e+00
8.000000000000e-02,1.000000000000e+00,0.000000000000e+00,0.000000000000e+00,0.000000000000e+00,8.000000000000e-02,0.000000000000e+00,1.333021013786e+00,0.000000000000e+00,3.682053150272e+01,9.382720000000e+02,8.528889390675e+02,1.230450269130e-14,-2.466620305669e+01,2.209231890163e+01,-1.170108277177e+01,-1.117799593194e+00,9.273436536665e+00
8.400000000000e-02,1.000000000000e+00,0.000000000000e+00,0.000000000000e+00,0.000000000000e+00,8.400000000000e-02,0.000000000000e+00,1.354877701970e+00,0.000000000000e+00,3.803787549870e+01,9.382720000000e+02,8.500513512897e+02,1.230450269130e-14,-2.552111134232e+01,2.282272529922e+01,-1.210528988088e+01,-1.141170310639e+00,9.576265107699e+00
8.800000000000e-02,1.000000000000e+00,0.000000000000e+00,0.000000000000e+00,0.000000000000e+00,8.800000000000e-02,0.000000000000e+00,1.376051086017e+00,0.000000000000e+00,3.923604072824e+01,9.382720000000e+02,8.473118777178e+02,1.230450269130e-14,-2.634241909109e+01,2.354162443694e+01,-1.249542121423e+01,-1.165044155754e+00,9.881159066953e+00
9.200000000000e-02,1.000000000000e+00,0.000000000000e+00,0.000000000000e+00,0.000000000000e+00,9.200000000000e-02,0.000000000000e+00,1.396592190302e+00,0.000000000000e+00,4.041618158733e+01,9.382720000000e+02,8.446684421190e+02,1.230450269130e-14,-2.713033788759e+01,2.424970895240e+01,-1.287181894893e+01,-1.189278385004e+00,1.018861161847e+01
9.600000000000e-02,1.000000000000e+00,0.000000000000e+00,0.000000000000e+00,0.000000000000e+00,9.600000000000e-02,0.000000000000e+00,1.416546203200e+00,0.000000000000e+00,4.157933609593e+01,9.382720000000e+02,8.421196025115e+02,1.230450269130e-14,-2.788486297386e+01,2.494760165756e+01,-1.323450329558e+01,-1.213846564233e+00,1.049925179775e+01
1.000000000000e-01,1.000000000000e+00,0.000000000000e+00,0.000000000000e+00,0.000000000000e+00,1.000000000000e-01,0.000000000000e+00,1.435953357321e+00,0.000000000000e+00,4.272644196768e+01,9.382720000000e+02,8.396560373020e+02,1.230450269130e-14,-2.860636349509e+01,2.563586518061e+01,-1.358377766173e+01,-1.238810984397e+00,1.081327653448e+01
1.040000000000e-01,1.000000000000e+00,0.000000000000e+00,0.000000000000e+00,0.000000000000e+00,1.040000000000e-01,0.000000000000e+00,1.454849647417e+00,0.000000000000e+00,4.385834990905e+01,9.382720000000e+02,8.372973630265e+02,1.230450269130e-14,-2.929428035955e+01,2.631500994543e+01,-1.391971170432e+01,-1.262460029015e+00,1.113283821210e+01
1.080000000000e-01,1.000000000000e+00,0.000000000000e+00,0.000000000000e+00,0.000000000000e+00,1.080000000000e-01,0.000000000000e+00,1.473267420941e+00,0.000000000000e+00,4.497583471352e+01,9.382720000000e+02,8.350213770148e+02,1.230450269130e-14,-2.994924450811e+01,2.698550082811e+01,-1.424270885622e+01,-1.285550200496e+00,1.145724177140e+01
1.120000000000e-01,1.000000000000e+00,0.000000000000e+00,0.000000000000e+00,0.000000000000e+00,1.120000000000e-01,0.000000000000e+00,1.491235867685e+00,0.000000000000e+00,4.607960458419e+01,9.382720000000e+02,8.328332440443e+02,1.230450269130e-14,-3.057128511507e+01,2.764776275051e+01,-1.455310191504e+01,-1.309999052194e+00,1.178466178328e+01
1.160000000000e-01,1.000000000000e+00,0.000000000000e+00,0.000000000000e+00,0.000000000000e+00,1.160000000000e-01,0.000000000000e+00,1.508781428697e+00,0.000000000000e+00,4.717030902063e+01,9.382720000000e+02,8.307322593267e+02,1.230450269130e-14,-3.116032144307e+01,2.830218541238e+01,-1.485073811705e+01,-1.333953021103e+00,1.211749427423e+01
1.200000000000e-01,1.000000000000e+00,0.000000000000e+00,0.000000000000e+00,0.000000000000e+00,1.200000000000e-01,0.000000000000e+00,1.525928140104e+00,0.000000000000e+00,4.824854553298e+01,9.382720000000e+02,8.287172665385e+02,1.230450269130e-14,-3.171636332287e+01,2.894912731979e+01,-1.513584304399e+01,-1.357941027986e+00,1.245534324781e+01
1.240000000000e-01,1.000000000000e+00,0.000000000000e+00,0.000000000000e+00,0.000000000000e+00,1.240000000000e-01,0.000000000000e+00,1.542697923981e+00,0.000000000000e+00,4.931486539057e+01,9.382720000000e+02,8.267866819944e+02,1.230450269130e-14,-3.223969146061e+01,2.958891923434e+01,-1.540863273111e+01,-1.381790894635e+00,1.279849560860e+01
1.280000000000e-01,1.000000000000e+00,0.000000000000e+00,0.000000000000e+00,0.000000000000e+00,1.280000000000e-01,0.000000000000e+00,1.559110835888e+00,0.000000000000e+00,5.036977857081e+01,9.382720000000e+02,8.249400767403e+02,1.230450269130e-14,-3.273021463954e+01,3.022186714248e+01,-1.566956306368e+01,-1.404297217465e+00,1.314800686134e+01
1.320000000000e-01,1.000000000000e+00,0.000000000000e+00,0.000000000000e+00,0.000000000000e+00,1.320000000000e-01,0.000000000000e+00,1.575185276644e+00,0.000000000000e+00,5.141375804068e+01,9.382720000000e+02,8.231741886041e+02,1.230450269130e-14,-3.318807125199e+01,3.084825482441e+01,-1.591875811980e+01,-1.428597247343e+00,1.350089945726e+01
1.360000000000e-01,1.000000000000e+00,0.000000000000e+00,0.000000000000e+00,0.000000000000e+00,1.360000000000e-01,0.000000000000e+00,1.590938174440e+00,0.000000000000e+00,5.244724347860e+01,9.382720000000e+02,8.214918138930e+02,1.230450269130e-14,-3.361327564342e+01,3.146834608716e+01,-1.615626096627e+01,-1.454588155501e+00,1.385749696539e+01
1.400000000000e-01,1.000000000000e+00,0.000000000000e+00,0.000000000000e+00,0.000000000000e+00,1.400000000000e-01,0.000000000000e+00,1.606385142180e+00,0.000000000000e+00,5.347064452381e+01,9.382720000000e+02,8.198907916752e+02,1.230450269130e-14,-3.400586860202e+01,3.208238671429e+01,-1.638231387418e+01,-1.478945963011e+00,1.422112687709e+01
1.440000000000e-01,1.000000000000e+00,0.000000000000e+00,0.000000000000e+00,0.000000000000e+00,1.440000000000e-01,0.000000000000e+00,1.621540614038e+00,0.000000000000e+00,5.448434362517e+01,9.382720000000e+02,8.183744967417e+02,1.230450269130e-14,-3.436583531116e+01,3.269060617510e+01,-1.659729364715e+01,-1.503616376969e+00,1.458969615098e+01
1.480000000000e-01,1.000000000000e+00,0.000000000000e+00,0.000000000000e+00,0.000000000000e+00,1.480000000000e-01,0.000000000000e+00,1.636417964459e+00,0.000000000000e+00,5.548869854836e+01,9.382720000000e+02,8.169344445507e+02,1.230450269130e-14,-3.469345921807e+01,3.329321912902e+01,-1.680095448661e+01,-1.528054994949e+00,1.496420964746e+01
1.520000000000e-01,1.000000000000e+00,0.000000000000e+00,0.000000000000e+00,0.000000000000e+00,1.520000000000e-01,0.000000000000e+00,1.651029612281e+00,0.000000000000e+00,5.648404459068e+01,9.382720000000e+02,8.155706232423e+02,1.230450269130e-14,-3.498868927028e+01,3.389042675441e+01,-1.699338892945e+01,-1.552628053532e+00,1.534440977143e+01
1.560000000000e-01,1.000000000000e+00,0.000000000000e+00,0.000000000000e+00,0.000000000000e+00,1.560000000000e-01,0.000000000000e+00,1.665387112172e+00,0.000000000000e+00,5.747069654417e+01,9.382720000000e+02,8.142878870283e+02,1.230450269130e-14,-3.525162480388e+01,3.448241792650e+01,-1.717518504334e+01,-1.577116786639e+00,1.573011609652e+01
1.600000000000e-01,1.000000000000e+00,0.000000000000e+00,0.000000000000e+00,0.000000000000e+00,1.600000000000e-01,0.000000000000e+00,1.679501235221e+00,0.000000000000e+00,5.844895044145e+01,9.382720000000e+02,8.130831958042e+02,1.230450269130e-14,-3.548224584755e+01,3.506937026487e+01,-1.734605351290e+01,-1.601393327323e+00,1.612192342465e+01
1.640000000000e-01,1.000000000000e+00,0.000000000000e+00,0.000000000000e+00,0.000000000000e+00,1.640000000000e-01,0.000000000000e+00,1.693382040194e+00,0.000000000000e+00,5.941908511315e+01,9.382720000000e+02,8.119545760563e+02,1.230450269130e-14,-3.568077811706e+01,3.565145106789e+01,-1.750617498274e+01,-1.626213432528e+00,1.651906265262e+01
1.680000000000e-01,1.000000000000e+00,0.000000000000e+00,0.000000000000e+00,0.000000000000e+00,1.680000000000e-01,0.000000000000e+00,1.707038936745e+00,0.000000000000e+00,6.038136358128e+01,9.382720000000e+02,8.109019280411e+02,1.230450269130e-14,-3.584718927458e+01,3.622881814877e+01,-1.765572031360e+01,-1.650685909611e+00,1.692241192555e+01
1.720000000000e-01,1.000000000000e+00,0.000000000000e+00,0.000000000000e+00,0.000000000000e+00,1.720000000000e-01,0.000000000000e+00,1.720480741652e+00,0.000000000000e+00,6.133603430937e+01,9.382720000000e+02,8.099255216072e+02,1.230450269130e-14,-3.598144831705e+01,3.680162058562e+01,-1.779483207199e+01,-1.672952095139e+00,1.733383641849e+01
1.760000000000e-01,1.000000000000e+00,0.000000000000e+00,0.000000000000e+00,0.000000000000e+00,1.760000000000e-01,0.000000000000e+00,1.733715729003e+00,0.000000000000e+00,6.228333232707e+01,9.382720000000e+02,8.090266522630e+02,1.230450269130e-14,-3.608373962939e+01,3.736999939624e+01,-1.792381961607e+01,-1.697027669317e+00,1.774915211085e+01
1.800000000000e-01,1.000000000000e+00,0.000000000000e+00,0.000000000000e+00,0.000000000000e+00,1.800000000000e-01,0.000000000000e+00,1.746751675090e+00,0.000000000000e+00,6.322348024432e+01,9.382720000000e+02,8.082006538775e+02,1.230450269130e-14,-3.615403330864e+01,3.793408814659e+01,-1.804270397796e+01,-1.723514275000e+00,1.816786989364e+01
1.840000000000e-01,1.000000000000e+00,0.000000000000e+00,0.000000000000e+00,0.000000000000e+00,1.840000000000e-01,0.000000000000e+00,1.759595898680e+00,0.000000000000e+00,6.415668916826e+01,9.382720000000e+02,8.074507258392e+02,1.230450269130e-14,-3.619232371056e+01,3.849401350096e+01,-1.815162273601e+01,-1.747601270579e+00,1.859478949437e+01
1.880000000000e-01,1.000000000000e+00,0.000000000000e+00,0.000000000000e+00,0.000000000000e+00,1.880000000000e-01,0.000000000000e+00,1.772255297237e+00,0.000000000000e+00,6.508315953395e+01,9.382720000000e+02,8.067768264147e+02,1.230450269130e-14,-3.619858397518e+01,3.904989572037e+01,-1.825074083928e+01,-1.771726141563e+00,1.902742873952e+01
1.920000000000e-01,1.000000000000e+00,0.000000000000e+00,0.000000000000e+00,0.000000000000e+00,1.920000000000e-01,0.000000000000e+00,1.784736379561e+00,0.000000000000e+00,6.600308185882e+01,9.382720000000e+02,8.061790098932e+02,1.230450269130e-14,-3.617285955750e+01,3.960184911529e+01,-1.834021904108e+01,-1.795699962809e+00,1.946593011141e+01
1.960000000000e-01,1.000000000000e+00,0.000000000000e+00,0.000000000000e+00,0.000000000000e+00,1.960000000000e-01,0.000000000000e+00,1.797045295280e+00,0.000000000000e+00,6.691663742922e+01,9.382720000000e+02,8.056550475900e+02,1.230450269130e-14,-3.611538227040e+01,4.014998245753e+01,-1.842021363661e+01,-1.820061689036e+00,1.990970713189e+01
2.000000000000e-01,1.000000000000e+00,0.000000000000e+00,0.000000000000e+00,0.000000000000e+00,2.000000000000e-01,0.000000000000e+00,1.809187861556e+00,0.000000000000e+00,6.782399892635e+01,9.382720000000e+02,8.052063580189e+02,1.230450269130e-14,-3.602613910122e+01,4.069439935581e+01,-1.849087560752e+01,-1.843768989147e+00,2.035975475915e+01
